{"cameraMode":{"drawMode":0,"name":"Shaded","section":"Shading Mode"},"sceneLighting":false,"audioPlay":false,"sceneViewState":{"m_AlwaysRefresh":false,"showFog":true,"showSkybox":true,"showFlares":true,"showImageEffects":true,"showParticleSystems":true,"showVisualEffectGraphs":true,"m_FxEnabled":true},"in2DMode":false,"pivot":{"x":0.16450029611587525,"y":1.467282772064209,"z":0.6970353126525879},"rotation":{"x":0.05250892788171768,"y":0.09485241025686264,"z":0.005238484125584364,"w":-0.9941703081130981},"size":1.7091132402420045,"orthographic":false}