{"cameraMode":{"drawMode":0,"name":"Shaded","section":"Shading Mode"},"sceneLighting":true,"audioPlay":false,"sceneViewState":{"m_AlwaysRefresh":false,"showFog":true,"showSkybox":true,"showFlares":true,"showImageEffects":true,"showParticleSystems":true,"showVisualEffectGraphs":true,"m_FxEnabled":false},"in2DMode":false,"pivot":{"x":-0.7195640206336975,"y":1.0265491008758546,"z":6.486514568328857},"rotation":{"x":0.18784166872501374,"y":-0.35002070665359499,"z":0.07186421751976013,"w":0.9148994088172913},"size":0.060012541711330417,"orthographic":true}