{"cameraMode":{"drawMode":0,"name":"Shaded","section":"Shading Mode"},"sceneLighting":true,"audioPlay":false,"sceneViewState":{"m_AlwaysRefresh":false,"showFog":true,"showSkybox":true,"showFlares":true,"showImageEffects":true,"showParticleSystems":true,"showVisualEffectGraphs":true,"m_FxEnabled":true},"in2DMode":false,"pivot":{"x":1.5388609170913697,"y":1.0764442682266236,"z":6.050143718719482},"rotation":{"x":0.016153333708643915,"y":0.2040313482284546,"z":-0.0033615753054618837,"w":0.9788366556167603},"size":5.060725212097168,"orthographic":false}