{"cameraMode":{"drawMode":0,"name":"Shaded","section":"Shading Mode"},"sceneLighting":false,"audioPlay":false,"sceneViewState":{"m_AlwaysRefresh":false,"showFog":true,"showSkybox":true,"showFlares":true,"showImageEffects":true,"showParticleSystems":true,"showVisualEffectGraphs":true,"m_FxEnabled":true},"in2DMode":false,"pivot":{"x":0.055304571986198428,"y":0.9396335482597351,"z":-7.42230749130249},"rotation":{"x":0.0029996363446116449,"y":0.01560091134160757,"z":-0.00004680549682234414,"w":0.9998729228973389},"size":0.7171392440795898,"orthographic":false}