{"cameraMode":{"drawMode":0,"name":"Shaded","section":"Shading Mode"},"sceneLighting":true,"audioPlay":false,"sceneViewState":{"m_AlwaysRefresh":false,"showFog":true,"showSkybox":true,"showFlares":true,"showImageEffects":true,"showParticleSystems":true,"showVisualEffectGraphs":true,"m_FxEnabled":false},"in2DMode":false,"pivot":{"x":-0.8617236614227295,"y":1.4512114524841309,"z":3.5540363788604738},"rotation":{"x":0.04637261852622032,"y":-0.06887077540159226,"z":0.003204808570444584,"w":0.9965426921844482},"size":0.8508831262588501,"orthographic":true}